{"cameraMode":{"drawMode":0,"name":"Shaded","section":"Shading Mode"},"sceneLighting":false,"audioPlay":false,"sceneViewState":{"showFog":true,"showMaterialUpdate":false,"showSkybox":true,"showFlares":true,"showImageEffects":true,"showParticleSystems":true},"in2DMode":false,"pivot":{"x":4.670023441314697,"y":2.056023359298706,"z":-4.270224571228027},"rotation":{"x":-0.20398816466331483,"y":-0.7887548804283142,"z":0.34545856714248659,"w":-0.4657391905784607},"size":2.4150493144989015,"orthographic":false}