{"cameraMode":{"drawMode":0,"name":"Shaded","section":"Shading Mode"},"sceneLighting":false,"audioPlay":false,"sceneViewState":{"showFog":true,"showMaterialUpdate":false,"showSkybox":true,"showFlares":true,"showImageEffects":true,"showParticleSystems":true},"in2DMode":false,"pivot":{"x":-1.8800114393234254,"y":-0.994577944278717,"z":5.405947685241699},"rotation":{"x":-0.2176913321018219,"y":-0.11009983718395233,"z":0.02472115494310856,"w":-0.9694727659225464},"size":9.342327117919922,"orthographic":false}