{"cameraMode":{"drawMode":0,"name":"Shaded","section":"Shading Mode"},"sceneLighting":true,"audioPlay":false,"sceneViewState":{"showFog":true,"showMaterialUpdate":false,"showSkybox":true,"showFlares":true,"showImageEffects":true,"showParticleSystems":true},"in2DMode":false,"pivot":{"x":-1.9819058179855347,"y":-5.764341354370117,"z":0.3292717933654785},"rotation":{"x":0.6708273887634277,"y":-0.011592991650104523,"z":0.010492173954844475,"w":0.741448700428009},"size":24.02454948425293,"orthographic":false}