{"cameraMode":{"drawMode":0,"name":"Shaded","section":"Shading Mode"},"sceneLighting":false,"audioPlay":false,"sceneViewState":{"showFog":true,"showMaterialUpdate":false,"showSkybox":true,"showFlares":true,"showImageEffects":true,"showParticleSystems":true},"in2DMode":false,"pivot":{"x":10.445368766784668,"y":0.6856439113616943,"z":6.3964691162109379},"rotation":{"x":0.18486380577087403,"y":0.554996907711029,"z":-0.12810607254505158,"w":0.8008699417114258},"size":3.898587942123413,"orthographic":false}