{"cameraMode":{"drawMode":0,"name":"Shaded","section":"Shading Mode"},"sceneLighting":false,"audioPlay":false,"sceneViewState":{"showFog":true,"showMaterialUpdate":false,"showSkybox":true,"showFlares":true,"showImageEffects":true,"showParticleSystems":true},"in2DMode":false,"pivot":{"x":-1.7789592742919922,"y":-0.6455411911010742,"z":-0.44673681259155276},"rotation":{"x":-0.15132780373096467,"y":-0.848598062992096,"z":0.3521237075328827,"w":-0.36467811465263369},"size":7.167273998260498,"orthographic":false}