{"cameraMode":{"drawMode":0,"name":"Shaded","section":"Shading Mode"},"sceneLighting":false,"audioPlay":false,"sceneViewState":{"showFog":true,"showMaterialUpdate":false,"showSkybox":true,"showFlares":true,"showImageEffects":true,"showParticleSystems":true},"in2DMode":false,"pivot":{"x":-2.4893031120300295,"y":1.082436442375183,"z":-0.7503110766410828},"rotation":{"x":-0.2041921764612198,"y":-0.040518876165151599,"z":0.008458356373012066,"w":-0.9780554175376892},"size":3.111370801925659,"orthographic":false}