{"cameraMode":{"drawMode":0,"name":"Shaded","section":"Shading Mode"},"sceneLighting":false,"audioPlay":false,"sceneViewState":{"showFog":true,"showMaterialUpdate":false,"showSkybox":true,"showFlares":true,"showImageEffects":true,"showParticleSystems":true},"in2DMode":false,"pivot":{"x":-1.067253589630127,"y":6.02756404876709,"z":-3.008228302001953},"rotation":{"x":0.14998474717140199,"y":-0.6085181832313538,"z":0.11850894242525101,"w":0.7701725959777832},"size":2.0005180835723879,"orthographic":false}