{"cameraMode":{"drawMode":0,"name":"Shaded","section":"Shading Mode"},"sceneLighting":false,"audioPlay":false,"sceneViewState":{"showFog":true,"showMaterialUpdate":false,"showSkybox":true,"showFlares":true,"showImageEffects":true,"showParticleSystems":true},"in2DMode":false,"pivot":{"x":-3.8405933380126955,"y":0.34563350677490237,"z":4.308557510375977},"rotation":{"x":-0.5357948541641235,"y":-0.02862013876438141,"z":0.018173038959503175,"w":-0.8436673283576965},"size":3.111370801925659,"orthographic":false}