{"cameraMode":{"drawMode":0,"name":"Shaded","section":"Shading Mode"},"sceneLighting":false,"audioPlay":false,"sceneViewState":{"showFog":true,"showMaterialUpdate":false,"showSkybox":true,"showFlares":true,"showImageEffects":true,"showParticleSystems":true},"in2DMode":false,"pivot":{"x":-5.553927898406982,"y":-0.006089687347412109,"z":6.920887470245361},"rotation":{"x":0.15061236917972566,"y":0.16410082578659059,"z":-0.02535630390048027,"w":0.9745481014251709},"size":8.90638256072998,"orthographic":false}