{"cameraMode":{"drawMode":0,"name":"Shaded","section":"Shading Mode"},"sceneLighting":false,"audioPlay":false,"sceneViewState":{"showFog":true,"showMaterialUpdate":false,"showSkybox":true,"showFlares":true,"showImageEffects":true,"showParticleSystems":true},"in2DMode":false,"pivot":{"x":6.4670257568359379,"y":1.4753957986831666,"z":-4.422384738922119},"rotation":{"x":0.12482980638742447,"y":-0.8125438690185547,"z":0.18883627653121949,"w":0.5371507406234741},"size":2.919912815093994,"orthographic":false}