{"cameraMode":{"drawMode":0,"name":"Shaded","section":"Shading Mode"},"sceneLighting":false,"audioPlay":false,"sceneViewState":{"showFog":true,"showMaterialUpdate":false,"showSkybox":true,"showFlares":true,"showImageEffects":true,"showParticleSystems":true},"in2DMode":false,"pivot":{"x":-11.878827095031739,"y":18.951215744018556,"z":9.944168090820313},"rotation":{"x":0.21899019181728364,"y":0.7120903730392456,"z":-0.25257548689842226,"w":0.617394745349884},"size":3.898587942123413,"orthographic":false}