{"cameraMode":{"drawMode":0,"name":"Shaded","section":"Shading Mode"},"sceneLighting":false,"audioPlay":false,"sceneViewState":{"showFog":true,"showMaterialUpdate":false,"showSkybox":true,"showFlares":true,"showImageEffects":true,"showParticleSystems":true},"in2DMode":false,"pivot":{"x":-2.5210561752319338,"y":1.7517979145050049,"z":1.6395169496536255},"rotation":{"x":-0.07988577336072922,"y":-0.910865306854248,"z":0.21029452979564668,"w":-0.34600430727005007},"size":2.168510675430298,"orthographic":false}