{"cameraMode":{"drawMode":0,"name":"Shaded","section":"Shading Mode"},"sceneLighting":false,"audioPlay":false,"sceneViewState":{"showFog":true,"showMaterialUpdate":false,"showSkybox":true,"showFlares":true,"showImageEffects":true,"showParticleSystems":true},"in2DMode":false,"pivot":{"x":-7.353901386260986,"y":1.9514604806900025,"z":1.3671526908874512},"rotation":{"x":0.04202369228005409,"y":-0.1177983283996582,"z":0.004994290880858898,"w":0.9921354055404663},"size":8.90638256072998,"orthographic":false}