{"cameraMode":{"drawMode":0,"name":"Shaded","section":"Shading Mode"},"sceneLighting":true,"audioPlay":false,"sceneViewState":{"showFog":true,"showMaterialUpdate":false,"showSkybox":true,"showFlares":true,"showImageEffects":true,"showParticleSystems":true},"in2DMode":false,"pivot":{"x":4.578699588775635,"y":-22.937740325927736,"z":-13.026304244995118},"rotation":{"x":-0.1010362058877945,"y":-0.8686320185661316,"z":0.44268563389778139,"w":-0.19824133813381196},"size":33.046241760253909,"orthographic":false}