{"cameraMode":{"drawMode":0,"name":"Shaded","section":"Shading Mode"},"sceneLighting":false,"audioPlay":false,"sceneViewState":{"showFog":true,"showMaterialUpdate":false,"showSkybox":true,"showFlares":true,"showImageEffects":true,"showParticleSystems":true},"in2DMode":false,"pivot":{"x":7.206974983215332,"y":3.4674198627471926,"z":6.887427806854248},"rotation":{"x":-0.12604211270809174,"y":0.753693163394928,"z":-0.1515192687511444,"w":-0.6269783973693848},"size":3.8498334884643556,"orthographic":false}