{"cameraMode":{"drawMode":0,"name":"Shaded","section":"Shading Mode"},"sceneLighting":true,"audioPlay":false,"sceneViewState":{"showFog":true,"showMaterialUpdate":false,"showSkybox":true,"showFlares":true,"showImageEffects":true,"showParticleSystems":true},"in2DMode":false,"pivot":{"x":0.9482280015945435,"y":-14.017440795898438,"z":1.090956687927246},"rotation":{"x":0.6652589440345764,"y":-0.0004460145137272775,"z":0.00039539975114166737,"w":0.746612548828125},"size":38.002532958984378,"orthographic":false}