{"cameraMode":{"drawMode":0,"name":"Shaded","section":"Shading Mode"},"sceneLighting":false,"audioPlay":false,"sceneViewState":{"showFog":true,"showMaterialUpdate":false,"showSkybox":true,"showFlares":true,"showImageEffects":true,"showParticleSystems":true},"in2DMode":false,"pivot":{"x":4.690000057220459,"y":0.7599999904632568,"z":-3.636957883834839},"rotation":{"x":-0.6391082406044006,"y":0.0027528388891369106,"z":-0.002292842837050557,"w":-0.7691085338592529},"size":2.919912815093994,"orthographic":false}