{"cameraMode":{"drawMode":0,"name":"Shaded","section":"Shading Mode"},"sceneLighting":false,"audioPlay":false,"sceneViewState":{"showFog":true,"showMaterialUpdate":false,"showSkybox":true,"showFlares":true,"showImageEffects":true,"showParticleSystems":true},"in2DMode":false,"pivot":{"x":-1.4558558464050294,"y":-1.378964900970459,"z":4.820570945739746},"rotation":{"x":0.2252805233001709,"y":0.3954366445541382,"z":-0.10068585723638535,"w":0.8847265243530273},"size":8.90638256072998,"orthographic":false}