{"cameraMode":{"drawMode":0,"name":"Shaded","section":"Shading Mode"},"sceneLighting":false,"audioPlay":false,"sceneViewState":{"showFog":true,"showMaterialUpdate":false,"showSkybox":true,"showFlares":true,"showImageEffects":true,"showParticleSystems":true},"in2DMode":false,"pivot":{"x":-5.960464477539063e-8,"y":0.5453696250915527,"z":-0.00440157949924469},"rotation":{"x":0.4102700352668762,"y":-0.22118286788463593,"z":0.10327159613370896,"w":0.8786875009536743},"size":2.168510675430298,"orthographic":false}