{"cameraMode":{"drawMode":0,"name":"Shaded","section":"Shading Mode"},"sceneLighting":true,"audioPlay":false,"sceneViewState":{"showFog":true,"showMaterialUpdate":false,"showSkybox":true,"showFlares":true,"showImageEffects":true,"showParticleSystems":true},"in2DMode":false,"pivot":{"x":-8.062210083007813,"y":5.192787170410156,"z":-0.6973879933357239},"rotation":{"x":0.5063143372535706,"y":0.03310047462582588,"z":-0.01945522427558899,"w":0.8614938855171204},"size":22.0,"orthographic":false}