{"cameraMode":{"drawMode":0,"name":"Shaded","section":"Shading Mode"},"sceneLighting":true,"audioPlay":false,"sceneViewState":{"showFog":true,"showMaterialUpdate":false,"showSkybox":true,"showFlares":true,"showImageEffects":true,"showParticleSystems":true},"in2DMode":false,"pivot":{"x":-1.5107756853103638,"y":11.702629089355469,"z":-6.86087703704834},"rotation":{"x":-0.5370637774467468,"y":0.1039343848824501,"z":-0.06689589470624924,"w":-0.8344370126724243},"size":4.843394756317139,"orthographic":false}