{"cameraMode":{"drawMode":0,"name":"Shaded","section":"Shading Mode"},"sceneLighting":false,"audioPlay":false,"sceneViewState":{"showFog":true,"showMaterialUpdate":false,"showSkybox":true,"showFlares":true,"showImageEffects":true,"showParticleSystems":true},"in2DMode":false,"pivot":{"x":-5.701798915863037,"y":1.8868505954742432,"z":2.9716248512268068},"rotation":{"x":0.19810648262500764,"y":-0.8011753559112549,"z":0.3799631893634796,"w":0.41773173213005068},"size":2.0005180835723879,"orthographic":false}