{"cameraMode":{"drawMode":0,"name":"Shaded","section":"Shading Mode"},"sceneLighting":true,"audioPlay":false,"sceneViewState":{"showFog":true,"showMaterialUpdate":false,"showSkybox":true,"showFlares":true,"showImageEffects":true,"showParticleSystems":true},"in2DMode":false,"pivot":{"x":7.338981628417969,"y":0.9981789588928223,"z":-0.28204917907714846},"rotation":{"x":-0.17275850474834443,"y":0.33576247096061709,"z":-0.06278762221336365,"w":-0.9238375425338745},"size":11.431534767150879,"orthographic":false}