{"cameraMode":{"drawMode":0,"name":"Shaded","section":"Shading Mode"},"sceneLighting":false,"audioPlay":false,"sceneViewState":{"showFog":true,"showMaterialUpdate":false,"showSkybox":true,"showFlares":true,"showImageEffects":true,"showParticleSystems":true},"in2DMode":false,"pivot":{"x":-5.716684341430664,"y":2.4425666332244875,"z":1.045744776725769},"rotation":{"x":0.3360476493835449,"y":-0.14163506031036378,"z":0.05119794234633446,"w":0.9297259449958801},"size":2.0005180835723879,"orthographic":false}