{"cameraMode":{"drawMode":0,"name":"Shaded","section":"Shading Mode"},"sceneLighting":false,"audioPlay":false,"sceneViewState":{"showFog":true,"showMaterialUpdate":false,"showSkybox":true,"showFlares":true,"showImageEffects":true,"showParticleSystems":true},"in2DMode":false,"pivot":{"x":8.152864456176758,"y":9.543088912963868,"z":-10.365757942199707},"rotation":{"x":-0.4872007668018341,"y":0.3247009515762329,"z":-0.20146040618419648,"w":-0.7852505445480347},"size":2.4150493144989015,"orthographic":false}